{
  "task_completion_score": 5.6466666666666665,
  "tool_selection_score": 5.7733333333333325,
  "planning_effectiveness_and_efficiency_score": 3.243333333333333,
  "task_fulfillment": 4.46,
  "grounding": 6.92,
  "tool_appropriateness": 5.5,
  "parameter_accuracy": 6.093333333333334,
  "dependency_awareness": 4.22,
  "parallelism_and_efficiency": 2.2666666666666666,
  "input_schema_compliance": 1.0,
  "valid_tool_name_rate": 1.0,
  "tool_call_success_rate": 0.9784668389319552,
  "avg_execution_time": 877.7046389659246,
  "avg_agent_execution_time": 790.1843348582586,
  "avg_evaluation_time": 87.52007069587708,
  "task_success_rate": 1.0,
  "avg_total_rounds": 5.266666666666667,
  "avg_tool_calls_per_task": 38.7,
  "avg_output_tokens": 20256.233333333334,
  "avg_prompt_tokens": 556326.2,
  "avg_total_tokens": 569915.7666666667
}